﻿<?xml version="1.0" encoding="utf-8"?>
<unattend xmlns="urn:schemas-microsoft-com:unattend">
  <settings pass="oobeSystem">
    <component name="Microsoft-Windows-Shell-Setup" processorArchitecture="ARM" publicKeyToken="31bf3856ad364e35" language="neutral" versionScope="nonSxS" xmlns:wcm="http://schemas.microsoft.com/WMIConfig/2002/State" xmlns:xsi="http://www.w3.org/2001/XMLSchema-instance">
      <FirstLogonCommands>
            <SynchronousCommand wcm:action="add">
                  <CommandLine>cmd.exe /c \Windows\OEM\SilentProvisionerL.exe</CommandLine>
                  <Description>Commands </Description>
                  <Order>1</Order>
            </SynchronousCommand>
      </FirstLogonCommands>
      <OOBE>
        <HideWirelessSetupInOOBE>false</HideWirelessSetupInOOBE>
      </OOBE>
      <Themes>
        <ThemeName>Windows Dark Theme</ThemeName>
        <WindowColor>0xFF0078D4</WindowColor>
        <DefaultThemesOff>false</DefaultThemesOff>
        <DesktopBackground>C:\Windows\OEM\Wallpaper.png</DesktopBackground>
        <UWPAppsUseLightTheme>false</UWPAppsUseLightTheme>
      </Themes>
    </component>
    <component name="Microsoft-Windows-Deployment" processorArchitecture="ARM" publicKeyToken="31bf3856ad364e35" language="neutral" versionScope="nonSxS" xmlns:wcm="http://schemas.microsoft.com/WMIConfig/2002/State" xmlns:xsi="http://www.w3.org/2001/XMLSchema-instance">
      <DeviceForm>1</DeviceForm>
    </component>
  </settings>
  <settings pass="generalize">
    <component name="Microsoft-Windows-Security-SPP" processorArchitecture="ARM" publicKeyToken="31bf3856ad364e35" language="neutral" versionScope="nonSxS" xmlns:wcm="http://schemas.microsoft.com/WMIConfig/2002/State" xmlns:xsi="http://www.w3.org/2001/XMLSchema-instance">
      <SkipRearm>1</SkipRearm>
    </component>
    <component name="Microsoft-Windows-PnpSysprep" processorArchitecture="ARM" publicKeyToken="31bf3856ad364e35" language="neutral" versionScope="nonSxS" xmlns:wcm="http://schemas.microsoft.com/WMIConfig/2002/State" xmlns:xsi="http://www.w3.org/2001/XMLSchema-instance">
      <PersistAllDeviceInstalls>true</PersistAllDeviceInstalls>
      <DoNotCleanUpNonPresentDevices>true</DoNotCleanUpNonPresentDevices>
    </component>
  </settings>
  <settings pass="specialize">
    <component name="Microsoft-Windows-SystemSettingsThreshold" processorArchitecture="ARM" publicKeyToken="31bf3856ad364e35" language="neutral" versionScope="nonSxS" xmlns:wcm="http://schemas.microsoft.com/WMIConfig/2002/State" xmlns:xsi="http://www.w3.org/2001/XMLSchema-instance">
      <DisplayNetworkSelection>true</DisplayNetworkSelection>
    </component>
    <component name="Microsoft-Windows-Deployment" processorArchitecture="ARM" publicKeyToken="31bf3856ad364e35" language="neutral" versionScope="nonSxS" xmlns:wcm="http://schemas.microsoft.com/WMIConfig/2002/State" xmlns:xsi="http://www.w3.org/2001/XMLSchema-instance">
      <RunSynchronous>
        <RunSynchronousCommand wcm:action="add">
          <Order>1</Order>
          <Path>\Windows\OEM\SilentProvisioner.exe</Path>
          <Description>Commands </Description>
        </RunSynchronousCommand>
      </RunSynchronous>
    </component>
  </settings>
  <settings pass="auditSystem">
    <component name="Microsoft-Windows-Deployment" processorArchitecture="ARM" publicKeyToken="31bf3856ad364e35" language="neutral" versionScope="nonSxS" xmlns:wcm="http://schemas.microsoft.com/WMIConfig/2002/State" xmlns:xsi="http://www.w3.org/2001/XMLSchema-instance">
      <DeviceForm>1</DeviceForm>
    </component>
  </settings>
  <cpi:offlineImage cpi:source="wim:d:/image/sources/install.wim#Windows 10 Pro" xmlns:cpi="urn:schemas-microsoft-com:cpi" />
</unattend>